tailNumber;model;lastCheck;nextCheck;flightHours;engineTemperature;vibrationLevel;hydraulicPressure;brakeWearPercent;oilParticleCount;weatherStressIndex;flightHoursSinceLastMaintenance;aircraftAgeYears;flightCycles;lastFailureDate;lastFailureType;riskScore;mtbf;nextMaintenanceEstimate;alertStatus;thresholdExceeded;scheduledMaintenanceDate;maintenanceStatus;scheduledBy;failureHistory;overallStatus;predictiveFlags
AI3013;Boeing 737-800;2025-01-10;2027-02-24;8686;481.03;1.21;3003.64;47.76;154;0.34;448;10;672;2025-05-17;Engine;5;307;2025-08-05;Normal;false;2025-08-05;Scheduled;Maintenance Team C;"[{""date"": ""2025-05-17""; ""type"": ""Engine""; ""severity"": ""critical""}]";normal;[]
NZ7032;Boeing 747-8;2025-05-02;2026-01-04;10180;474.39;1.14;3091.58;45.01;724;0.28;482;10;723;;;5;307;2025-08-05;Normal;false;2025-08-05;Scheduled;Maintenance Team C;[];normal;[]
LH6830;Boeing 737-800;2024-09-02;2027-07-01;3694;490.68;1.52;3169.13;19.45;151;0.13;254;18;381;;;30;212;2025-08-05;Warning;true;2025-08-05;Scheduled;Maintenance Team D;[];warning;[]
WN5457;Boeing 747-400;2024-09-18;2026-08-11;7489;479.96;1.58;2932.33;28.85;503;0.45;369;17;553;;;30;212;2025-08-05;Warning;true;2025-08-05;Scheduled;Maintenance Team A;[];warning;[]
IB1877;Boeing 787-9;2025-02-10;2027-02-16;11155;548.69;1.89;2830.66;76.14;1437;0.68;828;18;1242;2025-06-24;Avionics;95;140;2025-08-05;Critical;true;2025-08-05;Scheduled;Maintenance Team B;"[{""date"": ""2025-06-24""; ""type"": ""Avionics""; ""severity"": ""major""}; {""date"": ""2024-04-01""; ""type"": ""Brake System""; ""severity"": ""major""}]";critical;"[{""type"": ""warning""; ""message"": ""Maintenance alert - Oil contamination detected""; ""priority"": ""high""}; {""type"": ""warning""; ""message"": ""Engine temperature above normal range""; ""priority"": ""high""}]"
SA5227;Boeing 737-800;2024-09-12;2026-07-09;2498;473.37;0.73;3044.67;40.54;591;0.35;226;5;339;2025-06-07;Avionics;5;345;2025-08-07;Normal;false;2025-08-07;Scheduled;Maintenance Team A;"[{""date"": ""2025-06-07""; ""type"": ""Avionics""; ""severity"": ""critical""}; {""date"": ""2025-01-17""; ""type"": ""Fuel System""; ""severity"": ""critical""}]";normal;[]
AM6015;Boeing 747-400;2025-02-14;2026-03-18;9870;479.4;0.97;3196.22;47.31;788;0.29;434;22;651;;;10;257;2025-08-05;Normal;false;2025-08-05;Scheduled;Maintenance Team A;[];normal;[]
DL9061;Airbus A350-1000;2024-09-04;2026-07-10;3908;470.97;1.64;3090.52;38.3;169;0.39;494;16;741;;;30;212;2025-08-05;Warning;true;2025-08-05;Scheduled;Maintenance Team A;[];warning;[]
KE3630;Airbus A350-1000;2025-02-10;2027-03-27;4625;542.42;2.72;2818.93;82.77;1897;0.65;921;17;1381;2023-09-30;Brake System;95;140;2025-08-05;Critical;true;2025-08-05;Scheduled;Maintenance Team A;"[{""date"": ""2023-09-30""; ""type"": ""Brake System""; ""severity"": ""major""}]";critical;"[{""type"": ""critical""; ""message"": ""High failure probability (75%) - Vibration + Flight Hours""; ""priority"": ""immediate""}; {""type"": ""warning""; ""message"": ""Maintenance alert - Oil contamination detected""; ""priority"": ""high""}; {""type"": ""warning""; ""message"": ""Elevated vibration levels detected""; ""priority"": ""medium""}; {""type"": ""warning""; ""message"": ""Engine temperature above normal range""; ""priority"": ""high""}]"
QR7550;Boeing 747-400;2025-04-04;2026-04-29;13259;479.92;0.83;2963.56;33.37;102;0.2;341;14;511;2025-05-18;Fuel System;5;276;2025-08-05;Normal;false;2025-08-05;Scheduled;Maintenance Team B;"[{""date"": ""2025-05-18""; ""type"": ""Fuel System""; ""severity"": ""critical""}; {""date"": ""2024-02-03""; ""type"": ""Engine""; ""severity"": ""minor""}; {""date"": ""2024-02-01""; ""type"": ""Landing Gear""; ""severity"": ""major""}]";normal;[]
KE7206;Airbus A350-900;2025-01-06;2026-12-06;2922;461.06;0.98;3066.9;31.92;515;0.17;343;23;514;;;10;257;2025-08-05;Normal;false;2025-08-05;Scheduled;Maintenance Team B;[];normal;[]
LA4479;Boeing 737-800;2024-11-23;2026-09-22;6189;524.75;2.45;2874.45;74.66;1043;0.88;872;2;1308;;;95;192;2025-08-05;Critical;true;2025-08-05;Scheduled;Maintenance Team A;[];critical;"[{""type"": ""critical""; ""message"": ""High failure probability (75%) - Vibration + Flight Hours""; ""priority"": ""immediate""}; {""type"": ""warning""; ""message"": ""Maintenance alert - Oil contamination detected""; ""priority"": ""high""}; {""type"": ""warning""; ""message"": ""Elevated vibration levels detected""; ""priority"": ""medium""}; {""type"": ""warning""; ""message"": ""Engine temperature above normal range""; ""priority"": ""high""}]"
AA8438;Boeing 777-300;2025-01-11;2027-03-08;10486;458.07;1.76;3040.2;15.48;220;0.35;312;13;468;2024-11-14;Electrical;25;236;2025-08-05;Warning;true;2025-08-05;Scheduled;Maintenance Team D;"[{""date"": ""2024-11-14""; ""type"": ""Electrical""; ""severity"": ""critical""}; {""date"": ""2024-10-08""; ""type"": ""Electrical""; ""severity"": ""minor""}; {""date"": ""2024-02-12""; ""type"": ""Brake System""; ""severity"": ""minor""}]";warning;[]
SK4149;Boeing 747-400;2025-02-28;2026-03-26;6943;499.71;1.17;2906.53;22.31;448;0.44;254;7;381;;;5;330;2025-08-05;Normal;false;2025-08-05;Scheduled;Maintenance Team C;[];normal;[]
QR5330;Airbus A321;2025-06-23;2025-09-19;14209;488.23;0.66;2958.52;30.7;522;0.12;268;22;402;;;10;231;2025-08-05;Normal;false;2025-08-05;Scheduled;Maintenance Team C;[];normal;[]
LH4204;Boeing 747-400;2024-12-14;2027-05-03;10967;521.68;1.98;2895.37;75.25;1715;0.93;1002;2;1503;;;95;192;2025-08-05;Critical;true;2025-08-05;Overdue;Maintenance Team B;[];critical;"[{""type"": ""warning""; ""message"": ""Maintenance alert - Oil contamination detected""; ""priority"": ""high""}; {""type"": ""warning""; ""message"": ""Engine temperature above normal range""; ""priority"": ""high""}]"
BA2385;Airbus A330-300;2024-12-05;2026-11-21;5942;507.02;2.98;2892.33;73.0;1890;0.79;1101;24;1651;;;95;140;2025-08-05;Critical;true;2025-08-05;Scheduled;Maintenance Team B;[];critical;"[{""type"": ""critical""; ""message"": ""High failure probability (75%) - Vibration + Flight Hours""; ""priority"": ""immediate""}; {""type"": ""warning""; ""message"": ""Maintenance alert - Oil contamination detected""; ""priority"": ""high""}; {""type"": ""warning""; ""message"": ""Elevated vibration levels detected""; ""priority"": ""medium""}]"
EK6113;Airbus A350-900;2024-10-08;2027-04-16;6891;497.61;1.74;3164.96;30.97;386;0.1;524;15;786;;;33;206;2025-08-05;Warning;true;2025-08-05;Scheduled;Maintenance Team A;[];warning;[]
TG3580;Boeing 747-400;2024-08-01;2025-11-25;9749;510.98;2.05;2602.09;90.01;1532;0.65;1161;17;1741;2023-11-12;Fuel System;95;140;2025-08-05;Critical;true;2025-08-05;Scheduled;Maintenance Team A;"[{""date"": ""2023-11-12""; ""type"": ""Fuel System""; ""severity"": ""minor""}; {""date"": ""2023-08-29""; ""type"": ""Engine""; ""severity"": ""major""}]";critical;"[{""type"": ""critical""; ""message"": ""High failure probability (75%) - Vibration + Flight Hours""; ""priority"": ""immediate""}; {""type"": ""warning""; ""message"": ""Maintenance alert - Oil contamination detected""; ""priority"": ""high""}; {""type"": ""critical""; ""message"": ""Critical brake wear - Immediate replacement required""; ""priority"": ""immediate""}; {""type"": ""warning""; ""message"": ""Elevated vibration levels detected""; ""priority"": ""medium""}]"
AZ4694;Boeing 787-8;2025-01-28;2027-05-29;14197;549.11;2.42;2675.75;79.17;1420;0.77;1090;18;1635;;;95;140;2025-08-05;Critical;true;2025-08-05;Overdue;Maintenance Team C;[];critical;"[{""type"": ""critical""; ""message"": ""High failure probability (75%) - Vibration + Flight Hours""; ""priority"": ""immediate""}; {""type"": ""warning""; ""message"": ""Maintenance alert - Oil contamination detected""; ""priority"": ""high""}; {""type"": ""warning""; ""message"": ""Elevated vibration levels detected""; ""priority"": ""medium""}; {""type"": ""warning""; ""message"": ""Engine temperature above normal range""; ""priority"": ""high""}]"
LA3494;Airbus A350-1000;2024-10-29;2027-02-08;8001;520.65;2.1;2618.47;93.62;1263;0.88;784;6;1176;;;95;176;2025-08-05;Critical;true;2025-08-05;Overdue;Maintenance Team A;[];critical;"[{""type"": ""warning""; ""message"": ""Maintenance alert - Oil contamination detected""; ""priority"": ""high""}; {""type"": ""critical""; ""message"": ""Critical brake wear - Immediate replacement required""; ""priority"": ""immediate""}; {""type"": ""warning""; ""message"": ""Elevated vibration levels detected""; ""priority"": ""medium""}; {""type"": ""warning""; ""message"": ""Engine temperature above normal range""; ""priority"": ""high""}]"
TG5786;Boeing 787-9;2025-02-12;2026-02-20;13705;472.85;0.91;3091.97;22.22;287;0.24;572;12;858;2025-05-29;Brake System;13;272;2025-08-05;Normal;false;2025-08-05;Scheduled;Maintenance Team A;"[{""date"": ""2025-05-29""; ""type"": ""Brake System""; ""severity"": ""critical""}; {""date"": ""2025-01-22""; ""type"": ""Landing Gear""; ""severity"": ""minor""}; {""date"": ""2024-09-05""; ""type"": ""Engine""; ""severity"": ""minor""}]";normal;[]
AZ1737;Boeing 777-300;2025-06-18;2026-11-04;14632;483.61;1.51;3094.47;34.72;580;0.37;174;17;261;;;30;212;2025-08-05;Warning;true;2025-08-05;Scheduled;Maintenance Team C;[];warning;[]
SK4276;Airbus A330-300;2024-09-24;2026-09-02;10765;467.31;1.43;3101.34;17.71;791;0.1;113;25;169;;;10;257;2025-08-08;Normal;false;2025-08-08;Scheduled;Maintenance Team C;[];normal;[]
LH5372;Boeing 747-400;2024-08-23;2026-07-11;8280;453.35;1.26;2997.77;8.46;216;0.34;180;21;270;;;10;257;2025-08-05;Normal;false;2025-08-05;Scheduled;Maintenance Team C;[];normal;[]
AM1316;Boeing 737-900;2024-12-17;2025-11-18;7723;455.37;1.0;2948.74;16.62;596;0.42;340;12;510;;;5;291;2025-08-05;Normal;false;2025-08-05;Scheduled;Maintenance Team C;[];normal;[]
UA7328;Boeing 747-8;2025-03-02;2026-05-13;3125;495.49;0.56;3084.52;10.45;188;0.07;425;14;637;2024-10-31;Avionics;5;276;2025-08-05;Normal;false;2025-08-05;Scheduled;Maintenance Team D;"[{""date"": ""2024-10-31""; ""type"": ""Avionics""; ""severity"": ""minor""}]";normal;[]
NH1089;Airbus A330-300;2025-01-27;2025-12-29;8536;530.41;2.7;2749.2;90.95;1829;0.66;892;21;1338;2024-12-09;Hydraulic;95;140;2025-08-05;Critical;true;2025-08-05;Scheduled;Maintenance Team B;"[{""date"": ""2024-12-09""; ""type"": ""Hydraulic""; ""severity"": ""minor""}]";critical;"[{""type"": ""critical""; ""message"": ""High failure probability (75%) - Vibration + Flight Hours""; ""priority"": ""immediate""}; {""type"": ""warning""; ""message"": ""Maintenance alert - Oil contamination detected""; ""priority"": ""high""}; {""type"": ""critical""; ""message"": ""Critical brake wear - Immediate replacement required""; ""priority"": ""immediate""}; {""type"": ""warning""; ""message"": ""Elevated vibration levels detected""; ""priority"": ""medium""}; {""type"": ""warning""; ""message"": ""Engine temperature above normal range""; ""priority"": ""high""}]"
LH3876;Boeing 777-300;2024-12-17;2026-01-31;4314;521.76;2.05;2616.09;71.5;1372;0.76;1103;14;1654;;;95;144;2025-08-05;Critical;true;2025-08-05;Overdue;Maintenance Team A;[];critical;"[{""type"": ""critical""; ""message"": ""High failure probability (75%) - Vibration + Flight Hours""; ""priority"": ""immediate""}; {""type"": ""warning""; ""message"": ""Maintenance alert - Oil contamination detected""; ""priority"": ""high""}; {""type"": ""warning""; ""message"": ""Elevated vibration levels detected""; ""priority"": ""medium""}; {""type"": ""warning""; ""message"": ""Engine temperature above normal range""; ""priority"": ""high""}]"
TG6322;Boeing 777-300;2024-11-25;2027-04-08;4434;471.4;1.46;3111.44;10.52;732;0.04;128;18;192;;;10;257;2025-08-07;Normal;false;2025-08-07;Scheduled;Maintenance Team C;[];normal;[]
KE4272;Airbus A330-200;2024-11-10;2026-06-22;10037;482.15;1.39;3085.67;9.44;422;0.38;546;15;819;;;13;250;2025-08-05;Normal;false;2025-08-05;Scheduled;Maintenance Team B;[];normal;[]
SA7896;Boeing 737-800;2024-10-28;2026-06-07;5897;492.21;0.96;3167.7;6.83;452;0.06;538;13;807;;;13;265;2025-08-05;Normal;false;2025-08-05;Scheduled;Maintenance Team D;[];normal;[]
UA9583;Airbus A320;2024-11-30;2027-06-19;10959;477.96;0.97;3162.73;30.23;489;0.07;298;12;447;;;5;277;2025-08-05;Normal;false;2025-08-05;Scheduled;Maintenance Team B;[];normal;[]
DL2155;Boeing 737-800;2025-06-26;2027-05-23;4900;458.71;1.11;3088.69;24.09;224;0.44;131;7;196;;;5;330;2025-08-13;Normal;false;2025-08-13;Scheduled;Maintenance Team A;[];normal;[]
IB6809;Boeing 737-800;2025-04-05;2027-07-06;14368;492.77;0.75;3025.96;49.78;762;0.42;432;25;648;;;10;257;2025-08-05;Normal;false;2025-08-05;Scheduled;Maintenance Team D;[];normal;[]
UA1863;Airbus A350-900;2025-01-25;2025-11-04;13567;494.97;0.97;3149.24;34.05;614;0.3;99;17;148;2025-03-02;Engine;10;257;2025-08-09;Normal;false;2025-08-09;Scheduled;Maintenance Team A;"[{""date"": ""2025-03-02""; ""type"": ""Engine""; ""severity"": ""minor""}; {""date"": ""2024-07-24""; ""type"": ""Landing Gear""; ""severity"": ""minor""}]";normal;[]
KL1216;Airbus A350-1000;2024-09-24;2026-03-13;14303;546.63;2.53;2500.61;71.3;1668;0.97;802;1;1203;;;95;196;2025-08-05;Critical;true;2025-08-05;Scheduled;Maintenance Team C;[];critical;"[{""type"": ""critical""; ""message"": ""High failure probability (75%) - Vibration + Flight Hours""; ""priority"": ""immediate""}; {""type"": ""warning""; ""message"": ""Maintenance alert - Oil contamination detected""; ""priority"": ""high""}; {""type"": ""warning""; ""message"": ""Elevated vibration levels detected""; ""priority"": ""medium""}; {""type"": ""warning""; ""message"": ""Engine temperature above normal range""; ""priority"": ""high""}]"
AF3420;Boeing 777-200;2025-01-15;2026-05-13;3777;498.43;1.23;2994.32;13.31;559;0.49;360;5;540;;;5;345;2025-08-05;Normal;false;2025-08-05;Scheduled;Maintenance Team D;[];normal;[]
TG5006;Airbus A320;2024-11-05;2026-07-23;3426;512.44;1.92;2819.87;75.73;1080;0.72;1192;15;1788;2025-05-15;Engine;90;133;2025-08-05;Critical;true;2025-08-05;Scheduled;Maintenance Team A;"[{""date"": ""2025-05-15""; ""type"": ""Engine""; ""severity"": ""major""}; {""date"": ""2025-01-06""; ""type"": ""Fuel System""; ""severity"": ""minor""}; {""date"": ""2023-11-26""; ""type"": ""Hydraulic""; ""severity"": ""minor""}; {""date"": ""2023-10-10""; ""type"": ""Engine""; ""severity"": ""critical""}]";critical;"[{""type"": ""warning""; ""message"": ""Maintenance alert - Oil contamination detected""; ""priority"": ""high""}]"
NH7644;Airbus A350-900;2024-11-04;2025-12-24;2817;478.58;1.73;3177.69;22.62;227;0.48;105;24;157;;;30;212;2025-08-05;Warning;true;2025-08-05;Scheduled;Maintenance Team B;[];warning;[]
SA9791;Airbus A320;2025-02-08;2026-07-26;10686;453.61;1.7;2977.32;46.4;142;0.04;559;1;838;2024-06-04;Electrical;28;288;2025-08-05;Warning;true;2025-08-05;Scheduled;Maintenance Team D;"[{""date"": ""2024-06-04""; ""type"": ""Electrical""; ""severity"": ""minor""}]";warning;[]
QF1365;Boeing 737-800;2025-03-20;2027-01-17;7635;469.12;1.13;3074.66;19.55;312;0.21;328;10;492;;;5;307;2025-08-05;Normal;false;2025-08-05;Scheduled;Maintenance Team C;[];normal;[]
WN5694;Boeing 777-200;2025-02-02;2026-11-10;7871;500.62;2.17;2869.52;73.16;1277;0.64;971;12;1456;;;95;152;2025-08-05;Critical;true;2025-08-05;Overdue;Maintenance Team B;[];critical;"[{""type"": ""critical""; ""message"": ""High failure probability (75%) - Vibration + Flight Hours""; ""priority"": ""immediate""}; {""type"": ""warning""; ""message"": ""Maintenance alert - Oil contamination detected""; ""priority"": ""high""}; {""type"": ""warning""; ""message"": ""Elevated vibration levels detected""; ""priority"": ""medium""}]"
KL1410;Boeing 747-400;2024-07-31;2026-02-02;3315;452.59;1.34;2959.33;29.31;783;0.44;157;20;235;2024-06-10;Avionics;10;257;2025-08-05;Normal;false;2025-08-05;Scheduled;Maintenance Team C;"[{""date"": ""2024-06-10""; ""type"": ""Avionics""; ""severity"": ""minor""}]";normal;[]
CX2005;Boeing 747-400;2024-10-17;2026-04-25;7431;504.91;2.22;2580.1;80.56;1200;0.93;750;19;1125;2024-04-25;Electrical;95;140;2025-08-05;Critical;true;2025-08-05;Overdue;Maintenance Team B;"[{""date"": ""2024-04-25""; ""type"": ""Electrical""; ""severity"": ""major""}; {""date"": ""2023-12-22""; ""type"": ""Brake System""; ""severity"": ""major""}]";critical;"[{""type"": ""warning""; ""message"": ""Maintenance alert - Oil contamination detected""; ""priority"": ""high""}; {""type"": ""warning""; ""message"": ""Elevated vibration levels detected""; ""priority"": ""medium""}]"
IB5498;Airbus A321;2025-01-08;2026-03-03;15367;502.99;2.98;2515.04;93.22;1005;0.97;803;3;1204;;;95;169;2025-08-05;Critical;true;2025-08-05;Scheduled;Maintenance Team D;[];critical;"[{""type"": ""critical""; ""message"": ""High failure probability (75%) - Vibration + Flight Hours""; ""priority"": ""immediate""}; {""type"": ""warning""; ""message"": ""Maintenance alert - Oil contamination detected""; ""priority"": ""high""}; {""type"": ""critical""; ""message"": ""Critical brake wear - Immediate replacement required""; ""priority"": ""immediate""}; {""type"": ""warning""; ""message"": ""Elevated vibration levels detected""; ""priority"": ""medium""}]"
SK1823;Boeing 787-8;2025-04-19;2027-05-09;9943;480.87;1.65;3120.38;11.55;562;0.14;543;12;814;2024-08-04;Brake System;33;223;2025-08-05;Warning;true;2025-08-05;Scheduled;Maintenance Team C;"[{""date"": ""2024-08-04""; ""type"": ""Brake System""; ""severity"": ""minor""}; {""date"": ""2024-03-12""; ""type"": ""Engine""; ""severity"": ""major""}]";warning;[]
SA8670;Airbus A321;2024-08-14;2026-11-13;14081;549.88;2.69;2857.58;91.84;1815;0.71;922;6;1383;;;95;158;2025-08-05;Critical;true;2025-08-05;Overdue;Maintenance Team B;[];critical;"[{""type"": ""critical""; ""message"": ""High failure probability (75%) - Vibration + Flight Hours""; ""priority"": ""immediate""}; {""type"": ""warning""; ""message"": ""Maintenance alert - Oil contamination detected""; ""priority"": ""high""}; {""type"": ""critical""; ""message"": ""Critical brake wear - Immediate replacement required""; ""priority"": ""immediate""}; {""type"": ""warning""; ""message"": ""Elevated vibration levels detected""; ""priority"": ""medium""}; {""type"": ""warning""; ""message"": ""Engine temperature above normal range""; ""priority"": ""high""}]"
AI4890;Boeing 787-8;2024-09-08;2026-10-06;15927;547.15;2.95;2585.92;73.45;1102;0.65;1068;24;1602;;;95;140;2025-08-05;Critical;true;2025-08-05;Scheduled;Maintenance Team A;[];critical;"[{""type"": ""critical""; ""message"": ""High failure probability (75%) - Vibration + Flight Hours""; ""priority"": ""immediate""}; {""type"": ""warning""; ""message"": ""Maintenance alert - Oil contamination detected""; ""priority"": ""high""}; {""type"": ""warning""; ""message"": ""Elevated vibration levels detected""; ""priority"": ""medium""}; {""type"": ""warning""; ""message"": ""Engine temperature above normal range""; ""priority"": ""high""}]"
SK4791;Airbus A320;2025-05-25;2026-02-18;12957;483.91;0.6;3182.02;12.55;125;0.31;115;3;172;;;5;342;2025-08-15;Normal;false;2025-08-15;Scheduled;Maintenance Team B;[];normal;[]
UA4874;Boeing 777-300;2024-09-24;2025-08-29;4103;485.81;1.45;3056.79;47.05;659;0.08;375;18;562;2024-08-24;Fuel System;10;257;2025-08-05;Normal;false;2025-08-05;Scheduled;Maintenance Team D;"[{""date"": ""2024-08-24""; ""type"": ""Fuel System""; ""severity"": ""minor""}; {""date"": ""2024-05-22""; ""type"": ""Brake System""; ""severity"": ""minor""}; {""date"": ""2024-01-28""; ""type"": ""Electrical""; ""severity"": ""major""}; {""date"": ""2023-09-11""; ""type"": ""Hydraulic""; ""severity"": ""critical""}]";normal;[]
UA4627;Boeing 777-200;2025-01-12;2026-03-08;14909;508.16;2.07;2539.23;80.91;1189;0.86;887;14;1330;;;95;144;2025-08-05;Critical;true;2025-08-05;Overdue;Maintenance Team C;[];critical;"[{""type"": ""critical""; ""message"": ""High failure probability (75%) - Vibration + Flight Hours""; ""priority"": ""immediate""}; {""type"": ""warning""; ""message"": ""Maintenance alert - Oil contamination detected""; ""priority"": ""high""}; {""type"": ""warning""; ""message"": ""Elevated vibration levels detected""; ""priority"": ""medium""}]"
NZ5421;Boeing 737-900;2024-12-21;2026-07-02;13166;460.11;1.56;2963.69;16.29;755;0.41;276;18;414;;;30;212;2025-08-05;Warning;true;2025-08-05;Scheduled;Maintenance Team B;[];warning;[]
AV5398;Boeing 747-8;2024-10-07;2027-04-05;12839;536.38;2.02;2535.71;92.36;1335;0.92;1188;19;1782;;;95;140;2025-08-05;Critical;true;2025-08-05;Overdue;Maintenance Team D;[];critical;"[{""type"": ""critical""; ""message"": ""High failure probability (75%) - Vibration + Flight Hours""; ""priority"": ""immediate""}; {""type"": ""warning""; ""message"": ""Maintenance alert - Oil contamination detected""; ""priority"": ""high""}; {""type"": ""critical""; ""message"": ""Critical brake wear - Immediate replacement required""; ""priority"": ""immediate""}; {""type"": ""warning""; ""message"": ""Elevated vibration levels detected""; ""priority"": ""medium""}; {""type"": ""warning""; ""message"": ""Engine temperature above normal range""; ""priority"": ""high""}]"
AI7282;Airbus A320;2024-10-26;2026-10-04;9442;452.76;1.35;2941.09;41.5;234;0.39;443;17;664;2025-01-14;Avionics;10;244;2025-08-05;Normal;false;2025-08-05;Scheduled;Maintenance Team C;"[{""date"": ""2025-01-14""; ""type"": ""Avionics""; ""severity"": ""minor""}; {""date"": ""2024-09-11""; ""type"": ""Engine""; ""severity"": ""critical""}; {""date"": ""2023-11-29""; ""type"": ""Fuel System""; ""severity"": ""critical""}]";normal;[]
SK1989;Boeing 777-200;2024-10-22;2026-06-01;6427;451.87;0.52;3191.68;32.72;343;0.12;317;5;475;2025-04-27;Avionics;5;345;2025-08-05;Normal;false;2025-08-05;Scheduled;Maintenance Team D;"[{""date"": ""2025-04-27""; ""type"": ""Avionics""; ""severity"": ""major""}; {""date"": ""2025-01-09""; ""type"": ""Hydraulic""; ""severity"": ""major""}]";normal;[]
AM2801;Boeing 787-8;2024-12-01;2027-06-09;10028;495.17;1.17;2943.24;24.92;168;0.2;218;5;327;2024-07-30;Brake System;5;345;2025-08-08;Normal;false;2025-08-08;Scheduled;Maintenance Team A;"[{""date"": ""2024-07-30""; ""type"": ""Brake System""; ""severity"": ""minor""}; {""date"": ""2023-09-02""; ""type"": ""Engine""; ""severity"": ""critical""}]";normal;[]
ET6150;Boeing 777-300;2024-08-05;2026-09-29;15061;457.07;1.46;2913.1;12.53;359;0.34;300;11;450;;;5;299;2025-08-05;Normal;false;2025-08-05;Scheduled;Maintenance Team C;[];normal;[]
BA7144;Boeing 737-800;2025-02-08;2026-04-19;12015;492.49;1.52;3087.02;42.59;771;0.23;545;19;817;;;38;194;2025-08-05;Warning;true;2025-08-05;Scheduled;Maintenance Team C;[];warning;[]
TG1716;Boeing 747-400;2025-06-04;2026-09-03;15155;465.32;1.4;3076.66;38.7;100;0.02;278;8;417;;;5;322;2025-08-05;Normal;false;2025-08-05;Scheduled;Maintenance Team A;[];normal;[]
AV2627;Boeing 737-800;2025-03-09;2027-02-27;9708;523.18;2.13;2804.08;93.84;1258;0.99;695;22;1042;;;95;140;2025-08-05;Critical;true;2025-08-05;Scheduled;Maintenance Team D;[];critical;"[{""type"": ""warning""; ""message"": ""Maintenance alert - Oil contamination detected""; ""priority"": ""high""}; {""type"": ""critical""; ""message"": ""Critical brake wear - Immediate replacement required""; ""priority"": ""immediate""}; {""type"": ""warning""; ""message"": ""Elevated vibration levels detected""; ""priority"": ""medium""}; {""type"": ""warning""; ""message"": ""Engine temperature above normal range""; ""priority"": ""high""}]"
ET7442;Boeing 787-9;2025-02-24;2025-12-25;7420;540.55;2.53;2535.63;70.83;1389;0.77;877;21;1315;;;95;140;2025-08-05;Critical;true;2025-08-05;Overdue;Maintenance Team D;[];critical;"[{""type"": ""critical""; ""message"": ""High failure probability (75%) - Vibration + Flight Hours""; ""priority"": ""immediate""}; {""type"": ""warning""; ""message"": ""Maintenance alert - Oil contamination detected""; ""priority"": ""high""}; {""type"": ""warning""; ""message"": ""Elevated vibration levels detected""; ""priority"": ""medium""}; {""type"": ""warning""; ""message"": ""Engine temperature above normal range""; ""priority"": ""high""}]"
KE8074;Boeing 747-400;2024-10-15;2027-02-07;9409;501.97;2.4;2670.16;84.97;1370;0.86;965;3;1447;2025-04-26;Engine;95;188;2025-08-05;Critical;true;2025-08-05;Scheduled;Maintenance Team C;"[{""date"": ""2025-04-26""; ""type"": ""Engine""; ""severity"": ""major""}]";critical;"[{""type"": ""critical""; ""message"": ""High failure probability (75%) - Vibration + Flight Hours""; ""priority"": ""immediate""}; {""type"": ""warning""; ""message"": ""Maintenance alert - Oil contamination detected""; ""priority"": ""high""}; {""type"": ""warning""; ""message"": ""Elevated vibration levels detected""; ""priority"": ""medium""}]"
SK1973;Boeing 777-200;2024-09-07;2025-10-30;13318;532.89;2.4;2709.77;77.31;1831;0.87;678;10;1017;2024-09-13;Hydraulic;95;160;2025-08-05;Critical;true;2025-08-05;Scheduled;Maintenance Team B;"[{""date"": ""2024-09-13""; ""type"": ""Hydraulic""; ""severity"": ""critical""}; {""date"": ""2024-05-19""; ""type"": ""Avionics""; ""severity"": ""critical""}; {""date"": ""2023-12-29""; ""type"": ""Brake System""; ""severity"": ""minor""}]";critical;"[{""type"": ""warning""; ""message"": ""Maintenance alert - Oil contamination detected""; ""priority"": ""high""}; {""type"": ""warning""; ""message"": ""Elevated vibration levels detected""; ""priority"": ""medium""}; {""type"": ""warning""; ""message"": ""Engine temperature above normal range""; ""priority"": ""high""}]"
EK3405;Boeing 777-200;2024-08-15;2026-02-26;3113;460.6;1.05;3188.25;41.55;549;0.3;213;17;319;2023-11-25;Landing Gear;10;257;2025-08-05;Normal;false;2025-08-05;Scheduled;Maintenance Team D;"[{""date"": ""2023-11-25""; ""type"": ""Landing Gear""; ""severity"": ""critical""}]";normal;[]
LH1834;Boeing 747-8;2024-09-10;2026-07-25;13685;457.06;1.09;3071.65;12.54;694;0.49;552;8;828;;;8;314;2025-08-05;Normal;false;2025-08-05;Scheduled;Maintenance Team A;[];normal;[]
SA3086;Boeing 777-200;2024-08-10;2027-04-27;3770;458.98;0.71;2979.96;29.94;219;0.07;499;8;748;;;5;322;2025-08-05;Normal;false;2025-08-05;Scheduled;Maintenance Team A;[];normal;[]
EK9467;Boeing 777-300;2025-04-05;2026-03-03;6721;488.03;1.24;2956.93;24.67;543;0.29;392;7;588;;;5;330;2025-08-05;Normal;false;2025-08-05;Scheduled;Maintenance Team A;[];normal;[]
ET6822;Airbus A330-300;2024-11-15;2025-09-16;3148;538.44;2.65;2512.02;94.05;1685;0.62;655;24;982;2024-03-25;Avionics;95;140;2025-08-05;Critical;true;2025-08-05;Overdue;Maintenance Team B;"[{""date"": ""2024-03-25""; ""type"": ""Avionics""; ""severity"": ""critical""}; {""date"": ""2023-08-24""; ""type"": ""Engine""; ""severity"": ""major""}]";critical;"[{""type"": ""warning""; ""message"": ""Maintenance alert - Oil contamination detected""; ""priority"": ""high""}; {""type"": ""critical""; ""message"": ""Critical brake wear - Immediate replacement required""; ""priority"": ""immediate""}; {""type"": ""warning""; ""message"": ""Elevated vibration levels detected""; ""priority"": ""medium""}; {""type"": ""warning""; ""message"": ""Engine temperature above normal range""; ""priority"": ""high""}]"
KL5633;Boeing 787-8;2025-05-31;2027-03-11;6103;540.5;2.72;2883.5;90.84;1127;0.96;897;21;1345;;;95;140;2025-08-05;Critical;true;2025-08-05;Overdue;Maintenance Team D;[];critical;"[{""type"": ""critical""; ""message"": ""High failure probability (75%) - Vibration + Flight Hours""; ""priority"": ""immediate""}; {""type"": ""warning""; ""message"": ""Maintenance alert - Oil contamination detected""; ""priority"": ""high""}; {""type"": ""critical""; ""message"": ""Critical brake wear - Immediate replacement required""; ""priority"": ""immediate""}; {""type"": ""warning""; ""message"": ""Elevated vibration levels detected""; ""priority"": ""medium""}; {""type"": ""warning""; ""message"": ""Engine temperature above normal range""; ""priority"": ""high""}]"
CX8291;Airbus A330-300;2025-04-13;2026-01-22;12454;533.07;1.99;2632.26;81.23;1535;0.74;1180;7;1770;2025-06-26;Fuel System;95;172;2025-08-05;Critical;true;2025-08-05;Scheduled;Maintenance Team C;"[{""date"": ""2025-06-26""; ""type"": ""Fuel System""; ""severity"": ""critical""}]";critical;"[{""type"": ""warning""; ""message"": ""Maintenance alert - Oil contamination detected""; ""priority"": ""high""}; {""type"": ""warning""; ""message"": ""Engine temperature above normal range""; ""priority"": ""high""}]"
AC3930;Airbus A330-200;2024-10-30;2026-05-06;10794;527.18;2.94;2598.6;87.29;1665;0.74;738;16;1107;;;95;140;2025-08-05;Critical;true;2025-08-05;Scheduled;Maintenance Team D;[];critical;"[{""type"": ""warning""; ""message"": ""Maintenance alert - Oil contamination detected""; ""priority"": ""high""}; {""type"": ""critical""; ""message"": ""Critical brake wear - Immediate replacement required""; ""priority"": ""immediate""}; {""type"": ""warning""; ""message"": ""Elevated vibration levels detected""; ""priority"": ""medium""}; {""type"": ""warning""; ""message"": ""Engine temperature above normal range""; ""priority"": ""high""}]"
AZ5812;Boeing 747-400;2025-03-23;2025-10-24;14762;511.68;2.31;2573.04;87.74;1809;0.62;1119;14;1678;;;95;144;2025-08-05;Critical;true;2025-08-05;Overdue;Maintenance Team D;[];critical;"[{""type"": ""critical""; ""message"": ""High failure probability (75%) - Vibration + Flight Hours""; ""priority"": ""immediate""}; {""type"": ""warning""; ""message"": ""Maintenance alert - Oil contamination detected""; ""priority"": ""high""}; {""type"": ""critical""; ""message"": ""Critical brake wear - Immediate replacement required""; ""priority"": ""immediate""}; {""type"": ""warning""; ""message"": ""Elevated vibration levels detected""; ""priority"": ""medium""}]"
IB5860;Boeing 777-300;2024-12-13;2027-03-12;4235;537.34;1.82;2822.23;80.78;1258;0.91;895;13;1342;2024-12-30;Brake System;95;148;2025-08-05;Critical;true;2025-08-05;Overdue;Maintenance Team C;"[{""date"": ""2024-12-30""; ""type"": ""Brake System""; ""severity"": ""minor""}]";critical;"[{""type"": ""warning""; ""message"": ""Maintenance alert - Oil contamination detected""; ""priority"": ""high""}; {""type"": ""warning""; ""message"": ""Engine temperature above normal range""; ""priority"": ""high""}]"
IB9392;Boeing 777-200;2024-11-20;2027-07-29;10168;452.61;0.98;3155.91;25.73;688;0.03;357;24;535;;;10;257;2025-08-05;Normal;false;2025-08-05;Scheduled;Maintenance Team B;[];normal;[]
KL3502;Boeing 737-900;2024-10-02;2027-07-02;14649;456.08;1.5;3122.01;8.16;741;0.21;480;1;720;;;5;376;2025-08-05;Normal;false;2025-08-05;Scheduled;Maintenance Team B;[];normal;[]
LA9261;Boeing 747-8;2024-11-11;2025-10-14;6605;512.07;2.02;2544.77;83.95;1657;0.91;946;19;1419;;;95;140;2025-08-05;Critical;true;2025-08-05;Overdue;Maintenance Team A;[];critical;"[{""type"": ""critical""; ""message"": ""High failure probability (75%) - Vibration + Flight Hours""; ""priority"": ""immediate""}; {""type"": ""warning""; ""message"": ""Maintenance alert - Oil contamination detected""; ""priority"": ""high""}; {""type"": ""warning""; ""message"": ""Elevated vibration levels detected""; ""priority"": ""medium""}]"
AA7512;Boeing 787-9;2024-08-20;2025-09-02;14613;497.93;1.3;2930.15;34.03;666;0.31;230;5;345;;;5;345;2025-08-07;Normal;false;2025-08-07;Scheduled;Maintenance Team C;[];normal;[]
EK1712;Boeing 777-200;2025-03-01;2026-11-27;14668;528.39;2.47;2820.05;82.48;1119;0.61;1165;11;1747;;;95;156;2025-08-05;Critical;true;2025-08-05;Scheduled;Maintenance Team B;[];critical;"[{""type"": ""critical""; ""message"": ""High failure probability (75%) - Vibration + Flight Hours""; ""priority"": ""immediate""}; {""type"": ""warning""; ""message"": ""Maintenance alert - Oil contamination detected""; ""priority"": ""high""}; {""type"": ""warning""; ""message"": ""Elevated vibration levels detected""; ""priority"": ""medium""}; {""type"": ""warning""; ""message"": ""Engine temperature above normal range""; ""priority"": ""high""}]"
LA8171;Boeing 777-300;2025-06-24;2026-04-12;10501;488.81;0.57;3057.96;7.49;688;0.06;380;18;570;;;10;257;2025-08-05;Normal;false;2025-08-05;Scheduled;Maintenance Team C;[];normal;[]
WN5652;Boeing 737-900;2024-10-12;2025-10-08;13663;523.85;2.79;2593.85;78.38;1246;0.76;650;10;975;;;95;160;2025-08-05;Critical;true;2025-08-05;Overdue;Maintenance Team A;[];critical;"[{""type"": ""warning""; ""message"": ""Maintenance alert - Oil contamination detected""; ""priority"": ""high""}; {""type"": ""warning""; ""message"": ""Elevated vibration levels detected""; ""priority"": ""medium""}; {""type"": ""warning""; ""message"": ""Engine temperature above normal range""; ""priority"": ""high""}]"
AA2541;Boeing 737-900;2024-09-12;2026-04-02;8835;529.14;2.14;2631.39;70.68;1890;0.97;955;20;1432;;;95;140;2025-08-05;Critical;true;2025-08-05;Scheduled;Maintenance Team B;[];critical;"[{""type"": ""critical""; ""message"": ""High failure probability (75%) - Vibration + Flight Hours""; ""priority"": ""immediate""}; {""type"": ""warning""; ""message"": ""Maintenance alert - Oil contamination detected""; ""priority"": ""high""}; {""type"": ""warning""; ""message"": ""Elevated vibration levels detected""; ""priority"": ""medium""}; {""type"": ""warning""; ""message"": ""Engine temperature above normal range""; ""priority"": ""high""}]"
AC2209;Boeing 737-900;2025-03-14;2026-06-18;5023;544.2;1.92;2698.19;83.63;1282;0.87;1130;15;1695;;;95;140;2025-08-05;Critical;true;2025-08-05;Overdue;Maintenance Team D;[];critical;"[{""type"": ""warning""; ""message"": ""Maintenance alert - Oil contamination detected""; ""priority"": ""high""}; {""type"": ""warning""; ""message"": ""Engine temperature above normal range""; ""priority"": ""high""}]"
CX6769;Boeing 777-200;2025-03-02;2027-05-28;6340;459.01;1.76;2905.79;35.41;779;0.25;529;13;793;2025-05-25;Fuel System;33;217;2025-08-05;Warning;true;2025-08-05;Scheduled;Maintenance Team D;"[{""date"": ""2025-05-25""; ""type"": ""Fuel System""; ""severity"": ""critical""}; {""date"": ""2025-01-07""; ""type"": ""Fuel System""; ""severity"": ""critical""}; {""date"": ""2024-08-29""; ""type"": ""Avionics""; ""severity"": ""critical""}; {""date"": ""2024-05-20""; ""type"": ""Brake System""; ""severity"": ""critical""}]";warning;[]
WN4017;Airbus A350-900;2025-04-18;2027-02-15;7531;472.72;1.48;3119.83;20.43;227;0.49;234;10;351;;;5;307;2025-08-05;Normal;false;2025-08-05;Scheduled;Maintenance Team B;[];normal;[]
AM4175;Boeing 777-300;2025-02-14;2026-05-10;8151;499.65;0.94;3010.52;24.88;706;0.23;539;6;808;;;8;329;2025-08-05;Normal;false;2025-08-05;Scheduled;Maintenance Team C;[];normal;[]
ET6749;Boeing 747-400;2024-12-26;2026-08-11;11169;450.81;0.97;3164.49;13.17;800;0.2;459;10;688;2024-09-20;Electrical;5;307;2025-08-05;Normal;false;2025-08-05;Scheduled;Maintenance Team D;"[{""date"": ""2024-09-20""; ""type"": ""Electrical""; ""severity"": ""major""}; {""date"": ""2024-09-04""; ""type"": ""Avionics""; ""severity"": ""major""}]";normal;[]
KL8214;Airbus A330-200;2024-08-17;2026-11-12;9275;477.48;0.52;3041.68;12.79;676;0.35;588;22;882;;;18;239;2025-08-05;Normal;false;2025-08-05;Scheduled;Maintenance Team C;[];normal;[]
AA1403;Boeing 787-9;2024-07-29;2027-03-05;4513;490.79;1.19;2920.47;34.37;734;0.08;234;24;351;;;10;257;2025-08-05;Normal;false;2025-08-05;Scheduled;Maintenance Team A;[];normal;[]
AC5024;Boeing 787-8;2025-01-15;2026-08-09;9398;493.65;0.64;3058.46;30.73;612;0.4;443;11;664;;;5;299;2025-08-05;Normal;false;2025-08-05;Scheduled;Maintenance Team B;[];normal;[]
QR6297;Airbus A330-200;2024-08-03;2027-02-19;14103;459.68;0.72;2989.13;14.09;625;0.15;392;24;588;;;10;257;2025-08-05;Normal;false;2025-08-05;Scheduled;Maintenance Team B;[];normal;[]
CX1838;Boeing 787-8;2024-12-30;2026-11-14;15255;454.7;1.03;3004.94;13.8;618;0.19;451;25;676;2023-08-26;Avionics;10;257;2025-08-05;Normal;false;2025-08-05;Scheduled;Maintenance Team B;"[{""date"": ""2023-08-26""; ""type"": ""Avionics""; ""severity"": ""critical""}]";normal;[]
BA7481;Boeing 787-8;2025-06-02;2027-05-19;12945;544.9;2.33;2744.68;92.76;1359;0.71;632;9;948;;;95;164;2025-08-05;Critical;true;2025-08-05;Overdue;Maintenance Team D;[];critical;"[{""type"": ""warning""; ""message"": ""Maintenance alert - Oil contamination detected""; ""priority"": ""high""}; {""type"": ""critical""; ""message"": ""Critical brake wear - Immediate replacement required""; ""priority"": ""immediate""}; {""type"": ""warning""; ""message"": ""Elevated vibration levels detected""; ""priority"": ""medium""}; {""type"": ""warning""; ""message"": ""Engine temperature above normal range""; ""priority"": ""high""}]"
DL5735;Airbus A320;2024-11-15;2025-09-20;3452;450.99;1.13;3172.48;12.81;237;0.05;224;21;336;2024-08-15;Electrical;10;244;2025-08-05;Normal;false;2025-08-05;Scheduled;Maintenance Team A;"[{""date"": ""2024-08-15""; ""type"": ""Electrical""; ""severity"": ""minor""}; {""date"": ""2024-04-07""; ""type"": ""Landing Gear""; ""severity"": ""major""}; {""date"": ""2024-03-25""; ""type"": ""Brake System""; ""severity"": ""major""}; {""date"": ""2023-09-21""; ""type"": ""Hydraulic""; ""severity"": ""major""}]";normal;[]
AC3662;Boeing 777-200;2024-10-20;2026-12-22;8196;479.95;1.28;3166.95;26.79;698;0.26;110;5;165;;;5;345;2025-08-16;Normal;false;2025-08-16;Scheduled;Maintenance Team C;[];normal;[]
AV2186;Airbus A320;2024-08-17;2026-03-19;14191;504.26;2.7;2812.78;78.2;1644;0.72;1140;2;1710;;;95;182;2025-08-05;Critical;true;2025-08-05;Overdue;Maintenance Team B;[];critical;"[{""type"": ""critical""; ""message"": ""High failure probability (75%) - Vibration + Flight Hours""; ""priority"": ""immediate""}; {""type"": ""warning""; ""message"": ""Maintenance alert - Oil contamination detected""; ""priority"": ""high""}; {""type"": ""warning""; ""message"": ""Elevated vibration levels detected""; ""priority"": ""medium""}]"
DL4833;Airbus A330-200;2024-08-07;2027-04-19;3048;461.48;0.71;2977.96;37.08;344;0.14;127;25;190;;;10;257;2025-08-07;Normal;false;2025-08-07;Scheduled;Maintenance Team A;[];normal;[]
CX6972;Boeing 737-900;2025-04-06;2027-02-26;7796;493.73;0.71;3077.5;26.85;721;0.0;279;12;418;2025-01-18;Brake System;5;291;2025-08-05;Normal;false;2025-08-05;Scheduled;Maintenance Team B;"[{""date"": ""2025-01-18""; ""type"": ""Brake System""; ""severity"": ""major""}; {""date"": ""2025-01-02""; ""type"": ""Avionics""; ""severity"": ""critical""}; {""date"": ""2024-11-05""; ""type"": ""Fuel System""; ""severity"": ""critical""}; {""date"": ""2023-12-06""; ""type"": ""Electrical""; ""severity"": ""critical""}]";normal;[]
DL6440;Airbus A350-900;2025-05-19;2026-06-14;13690;502.53;2.15;2733.28;79.48;1951;0.65;1011;19;1516;;;95;140;2025-08-05;Critical;true;2025-08-05;Scheduled;Maintenance Team D;[];critical;"[{""type"": ""critical""; ""message"": ""High failure probability (75%) - Vibration + Flight Hours""; ""priority"": ""immediate""}; {""type"": ""warning""; ""message"": ""Maintenance alert - Oil contamination detected""; ""priority"": ""high""}; {""type"": ""warning""; ""message"": ""Elevated vibration levels detected""; ""priority"": ""medium""}]"
AM6807;Boeing 777-300;2025-05-26;2026-07-23;10081;496.41;0.63;2928.62;14.61;787;0.23;435;20;652;;;10;257;2025-08-05;Normal;false;2025-08-05;Scheduled;Maintenance Team D;[];normal;[]
SQ7455;Boeing 777-300;2025-03-24;2026-01-21;12162;547.4;2.24;2875.91;93.47;1590;0.68;1187;21;1780;;;95;140;2025-08-05;Critical;true;2025-08-05;Scheduled;Maintenance Team B;[];critical;"[{""type"": ""critical""; ""message"": ""High failure probability (75%) - Vibration + Flight Hours""; ""priority"": ""immediate""}; {""type"": ""warning""; ""message"": ""Maintenance alert - Oil contamination detected""; ""priority"": ""high""}; {""type"": ""critical""; ""message"": ""Critical brake wear - Immediate replacement required""; ""priority"": ""immediate""}; {""type"": ""warning""; ""message"": ""Elevated vibration levels detected""; ""priority"": ""medium""}; {""type"": ""warning""; ""message"": ""Engine temperature above normal range""; ""priority"": ""high""}]"
DL6150;Airbus A321;2024-11-09;2026-07-06;7012;495.75;1.19;3041.44;36.97;222;0.27;584;17;876;;;18;215;2025-08-05;Normal;false;2025-08-05;Scheduled;Maintenance Team B;[];normal;[]
KE4943;Airbus A330-200;2025-06-09;2025-12-29;10001;455.31;1.23;3030.76;30.33;558;0.11;252;14;378;2023-12-17;Fuel System;5;276;2025-08-05;Normal;false;2025-08-05;Scheduled;Maintenance Team B;"[{""date"": ""2023-12-17""; ""type"": ""Fuel System""; ""severity"": ""critical""}; {""date"": ""2023-11-19""; ""type"": ""Landing Gear""; ""severity"": ""critical""}]";normal;[]
LA2617;Airbus A330-300;2024-11-21;2025-08-29;3078;492.01;1.53;2972.79;32.68;329;0.38;563;3;844;2024-12-07;Hydraulic;28;291;2025-08-05;Warning;true;2025-08-05;Scheduled;Maintenance Team A;"[{""date"": ""2024-12-07""; ""type"": ""Hydraulic""; ""severity"": ""major""}; {""date"": ""2024-08-31""; ""type"": ""Hydraulic""; ""severity"": ""major""}; {""date"": ""2024-08-14""; ""type"": ""Landing Gear""; ""severity"": ""major""}]";warning;[]
LH2056;Boeing 747-400;2024-12-04;2026-12-18;9062;460.41;1.62;3037.15;48.36;225;0.26;480;21;720;2024-08-04;Electrical;30;212;2025-08-05;Warning;true;2025-08-05;Scheduled;Maintenance Team D;"[{""date"": ""2024-08-04""; ""type"": ""Electrical""; ""severity"": ""minor""}; {""date"": ""2024-01-07""; ""type"": ""Electrical""; ""severity"": ""minor""}; {""date"": ""2023-12-06""; ""type"": ""Electrical""; ""severity"": ""major""}]";warning;[]
EK5950;Boeing 787-8;2025-01-16;2026-03-02;9711;485.05;0.67;3105.86;17.22;572;0.28;455;4;682;;;5;353;2025-08-05;Normal;false;2025-08-05;Scheduled;Maintenance Team A;[];normal;[]
AM9050;Airbus A330-300;2024-10-03;2026-04-08;5715;531.11;2.97;2522.9;71.93;1878;0.6;1092;3;1638;2025-01-14;Landing Gear;95;188;2025-08-05;Critical;true;2025-08-05;Overdue;Maintenance Team B;"[{""date"": ""2025-01-14""; ""type"": ""Landing Gear""; ""severity"": ""critical""}; {""date"": ""2024-12-23""; ""type"": ""Hydraulic""; ""severity"": ""critical""}; {""date"": ""2024-04-14""; ""type"": ""Engine""; ""severity"": ""major""}; {""date"": ""2023-11-18""; ""type"": ""Hydraulic""; ""severity"": ""major""}]";critical;"[{""type"": ""critical""; ""message"": ""High failure probability (75%) - Vibration + Flight Hours""; ""priority"": ""immediate""}; {""type"": ""warning""; ""message"": ""Maintenance alert - Oil contamination detected""; ""priority"": ""high""}; {""type"": ""warning""; ""message"": ""Elevated vibration levels detected""; ""priority"": ""medium""}; {""type"": ""warning""; ""message"": ""Engine temperature above normal range""; ""priority"": ""high""}]"
QF1245;Airbus A350-900;2025-04-24;2026-02-06;4954;457.52;1.58;3123.11;29.19;367;0.27;450;7;675;;;20;288;2025-08-05;Warning;true;2025-08-05;Scheduled;Maintenance Team C;[];warning;[]
NH9318;Boeing 747-8;2024-09-11;2027-01-23;4051;477.27;1.52;2966.41;24.33;258;0.19;208;1;312;2025-05-06;Electrical;20;329;2025-08-06;Warning;true;2025-08-06;Scheduled;Maintenance Team C;"[{""date"": ""2025-05-06""; ""type"": ""Electrical""; ""severity"": ""critical""}]";warning;[]
BA1286;Airbus A350-900;2025-03-12;2026-10-26;6652;450.69;1.67;3004.52;29.55;300;0.27;277;5;415;2025-03-22;Brake System;20;302;2025-08-05;Warning;true;2025-08-05;Scheduled;Maintenance Team D;"[{""date"": ""2025-03-22""; ""type"": ""Brake System""; ""severity"": ""critical""}; {""date"": ""2024-06-02""; ""type"": ""Hydraulic""; ""severity"": ""critical""}; {""date"": ""2023-09-18""; ""type"": ""Landing Gear""; ""severity"": ""major""}]";warning;[]
AF1277;Airbus A321;2025-06-15;2027-05-20;7107;530.5;2.98;2608.83;70.19;1317;0.78;946;22;1419;;;95;125;2025-08-05;Critical;true;2025-08-05;Overdue;Maintenance Team A;[];critical;"[{""type"": ""critical""; ""message"": ""High failure probability (75%) - Vibration + Flight Hours""; ""priority"": ""immediate""}; {""type"": ""warning""; ""message"": ""Maintenance alert - Oil contamination detected""; ""priority"": ""high""}; {""type"": ""warning""; ""message"": ""Elevated vibration levels detected""; ""priority"": ""medium""}; {""type"": ""warning""; ""message"": ""Engine temperature above normal range""; ""priority"": ""high""}]"
LA1683;Airbus A330-300;2025-02-15;2027-06-30;2897;458.4;0.51;3080.28;30.04;343;0.08;453;25;679;;;10;257;2025-08-05;Normal;false;2025-08-05;Scheduled;Maintenance Team A;[];normal;[]
BA9417;Boeing 747-400;2025-05-18;2027-01-24;9369;549.31;2.58;2531.84;74.11;1077;0.75;600;1;900;;;95;196;2025-08-05;Critical;true;2025-08-05;Scheduled;Maintenance Team D;[];critical;"[{""type"": ""warning""; ""message"": ""Maintenance alert - Oil contamination detected""; ""priority"": ""high""}; {""type"": ""warning""; ""message"": ""Elevated vibration levels detected""; ""priority"": ""medium""}; {""type"": ""warning""; ""message"": ""Engine temperature above normal range""; ""priority"": ""high""}]"
SA8513;Boeing 747-8;2025-05-08;2026-05-18;3444;532.94;2.85;2840.01;94.74;1074;0.89;739;11;1108;;;95;156;2025-08-05;Critical;true;2025-08-05;Overdue;Maintenance Team B;[];critical;"[{""type"": ""warning""; ""message"": ""Maintenance alert - Oil contamination detected""; ""priority"": ""high""}; {""type"": ""critical""; ""message"": ""Critical brake wear - Immediate replacement required""; ""priority"": ""immediate""}; {""type"": ""warning""; ""message"": ""Elevated vibration levels detected""; ""priority"": ""medium""}; {""type"": ""warning""; ""message"": ""Engine temperature above normal range""; ""priority"": ""high""}]"
TG2611;Boeing 737-900;2025-03-29;2025-12-26;2890;460.99;1.13;2935.85;16.16;411;0.06;125;11;187;;;5;299;2025-08-11;Normal;false;2025-08-11;Scheduled;Maintenance Team C;[];normal;[]
ET4648;Boeing 787-9;2024-07-29;2026-06-10;13725;488.46;1.51;3035.74;40.25;512;0.12;600;7;900;;;28;266;2025-08-05;Warning;true;2025-08-05;Scheduled;Maintenance Team B;[];warning;[]
WN7727;Boeing 737-800;2025-02-28;2027-03-18;8891;534.61;2.05;2716.15;85.05;1109;0.97;778;13;1167;2025-06-17;Engine;95;148;2025-08-05;Critical;true;2025-08-05;Scheduled;Maintenance Team B;"[{""date"": ""2025-06-17""; ""type"": ""Engine""; ""severity"": ""major""}; {""date"": ""2023-11-19""; ""type"": ""Hydraulic""; ""severity"": ""minor""}; {""date"": ""2023-10-07""; ""type"": ""Electrical""; ""severity"": ""minor""}]";critical;"[{""type"": ""warning""; ""message"": ""Maintenance alert - Oil contamination detected""; ""priority"": ""high""}; {""type"": ""critical""; ""message"": ""Critical brake wear - Immediate replacement required""; ""priority"": ""immediate""}; {""type"": ""warning""; ""message"": ""Elevated vibration levels detected""; ""priority"": ""medium""}; {""type"": ""warning""; ""message"": ""Engine temperature above normal range""; ""priority"": ""high""}]"
AI5581;Airbus A321;2024-12-11;2025-09-15;15131;504.53;2.56;2726.45;76.13;1000;0.85;964;25;1446;2024-06-07;Electrical;95;125;2025-08-05;Critical;true;2025-08-05;Scheduled;Maintenance Team B;"[{""date"": ""2024-06-07""; ""type"": ""Electrical""; ""severity"": ""critical""}]";critical;"[{""type"": ""critical""; ""message"": ""High failure probability (75%) - Vibration + Flight Hours""; ""priority"": ""immediate""}; {""type"": ""warning""; ""message"": ""Elevated vibration levels detected""; ""priority"": ""medium""}]"
SA4587;Airbus A350-900;2024-08-01;2026-04-14;11086;537.53;2.9;2891.22;71.88;1590;0.96;610;16;915;;;95;140;2025-08-05;Critical;true;2025-08-05;Scheduled;Maintenance Team C;[];critical;"[{""type"": ""warning""; ""message"": ""Maintenance alert - Oil contamination detected""; ""priority"": ""high""}; {""type"": ""warning""; ""message"": ""Elevated vibration levels detected""; ""priority"": ""medium""}; {""type"": ""warning""; ""message"": ""Engine temperature above normal range""; ""priority"": ""high""}]"
LH1831;Boeing 747-400;2024-08-28;2026-04-02;14735;488.24;1.68;2910.05;23.39;414;0.18;570;19;855;2024-05-22;Hydraulic;38;194;2025-08-05;Warning;true;2025-08-05;Scheduled;Maintenance Team C;"[{""date"": ""2024-05-22""; ""type"": ""Hydraulic""; ""severity"": ""major""}; {""date"": ""2024-03-24""; ""type"": ""Fuel System""; ""severity"": ""major""}; {""date"": ""2023-12-20""; ""type"": ""Landing Gear""; ""severity"": ""major""}]";warning;[]
WN1303;Airbus A321;2024-12-11;2026-03-15;10355;495.76;1.59;3059.18;6.1;774;0.47;373;3;559;;;20;284;2025-08-05;Warning;true;2025-08-05;Scheduled;Maintenance Team B;[];warning;[]
LH4442;Boeing 787-8;2025-05-14;2027-04-08;11096;516.26;2.13;2684.67;83.84;1949;0.67;935;10;1402;2024-12-01;Hydraulic;95;160;2025-08-05;Critical;true;2025-08-05;Overdue;Maintenance Team C;"[{""date"": ""2024-12-01""; ""type"": ""Hydraulic""; ""severity"": ""major""}; {""date"": ""2024-10-20""; ""type"": ""Hydraulic""; ""severity"": ""major""}; {""date"": ""2023-10-04""; ""type"": ""Avionics""; ""severity"": ""critical""}]";critical;"[{""type"": ""critical""; ""message"": ""High failure probability (75%) - Vibration + Flight Hours""; ""priority"": ""immediate""}; {""type"": ""warning""; ""message"": ""Maintenance alert - Oil contamination detected""; ""priority"": ""high""}; {""type"": ""warning""; ""message"": ""Elevated vibration levels detected""; ""priority"": ""medium""}]"
AZ8180;Airbus A330-200;2025-04-15;2026-08-04;7233;492.33;1.63;3064.98;40.62;559;0.03;511;17;766;2023-12-24;Avionics;38;194;2025-08-05;Warning;true;2025-08-05;Scheduled;Maintenance Team B;"[{""date"": ""2023-12-24""; ""type"": ""Avionics""; ""severity"": ""minor""}]";warning;[]
BA4834;Airbus A350-1000;2024-09-04;2026-09-17;12680;494.47;1.36;3137.01;21.28;747;0.12;392;7;588;;;5;330;2025-08-05;Normal;false;2025-08-05;Scheduled;Maintenance Team C;[];normal;[]
ET1679;Boeing 787-9;2025-06-12;2025-10-09;13011;481.97;1.27;2931.25;33.58;605;0.24;173;21;259;;;10;257;2025-08-05;Normal;false;2025-08-05;Scheduled;Maintenance Team A;[];normal;[]
KL1409;Boeing 737-800;2025-05-20;2026-01-12;5846;483.95;0.66;3022.45;27.37;160;0.06;127;25;190;;;10;257;2025-08-07;Normal;false;2025-08-07;Scheduled;Maintenance Team C;[];normal;[]
LA6944;Airbus A350-900;2024-12-22;2026-03-21;12778;519.7;2.07;2595.67;81.41;1176;0.91;744;8;1116;2024-12-18;Landing Gear;93;168;2025-08-05;Critical;true;2025-08-05;Scheduled;Maintenance Team B;"[{""date"": ""2024-12-18""; ""type"": ""Landing Gear""; ""severity"": ""minor""}; {""date"": ""2023-09-30""; ""type"": ""Hydraulic""; ""severity"": ""major""}]";critical;"[{""type"": ""warning""; ""message"": ""Maintenance alert - Oil contamination detected""; ""priority"": ""high""}; {""type"": ""warning""; ""message"": ""Elevated vibration levels detected""; ""priority"": ""medium""}]"
EK4085;Boeing 787-9;2024-09-08;2027-03-30;5879;514.04;2.9;2792.54;92.76;1817;0.84;1016;16;1524;;;95;140;2025-08-05;Critical;true;2025-08-05;Overdue;Maintenance Team B;[];critical;"[{""type"": ""critical""; ""message"": ""High failure probability (75%) - Vibration + Flight Hours""; ""priority"": ""immediate""}; {""type"": ""warning""; ""message"": ""Maintenance alert - Oil contamination detected""; ""priority"": ""high""}; {""type"": ""critical""; ""message"": ""Critical brake wear - Immediate replacement required""; ""priority"": ""immediate""}; {""type"": ""warning""; ""message"": ""Elevated vibration levels detected""; ""priority"": ""medium""}]"
SA9871;Boeing 787-9;2024-12-03;2027-02-27;4346;533.94;2.66;2701.0;73.89;1511;0.78;1002;8;1503;2024-09-23;Avionics;95;168;2025-08-05;Critical;true;2025-08-05;Scheduled;Maintenance Team A;"[{""date"": ""2024-09-23""; ""type"": ""Avionics""; ""severity"": ""minor""}; {""date"": ""2023-11-22""; ""type"": ""Avionics""; ""severity"": ""major""}; {""date"": ""2023-11-15""; ""type"": ""Landing Gear""; ""severity"": ""minor""}]";critical;"[{""type"": ""critical""; ""message"": ""High failure probability (75%) - Vibration + Flight Hours""; ""priority"": ""immediate""}; {""type"": ""warning""; ""message"": ""Maintenance alert - Oil contamination detected""; ""priority"": ""high""}; {""type"": ""warning""; ""message"": ""Elevated vibration levels detected""; ""priority"": ""medium""}; {""type"": ""warning""; ""message"": ""Engine temperature above normal range""; ""priority"": ""high""}]"
AM2820;Airbus A320;2025-06-26;2026-07-01;10971;505.73;1.81;2575.04;80.14;1913;0.92;966;15;1449;;;90;133;2025-08-05;Critical;true;2025-08-05;Scheduled;Maintenance Team D;[];critical;"[{""type"": ""warning""; ""message"": ""Maintenance alert - Oil contamination detected""; ""priority"": ""high""}]"
AM5953;Boeing 787-9;2024-08-04;2026-05-10;5301;459.23;1.32;3013.61;32.14;329;0.12;117;16;175;;;10;257;2025-08-08;Normal;false;2025-08-08;Scheduled;Maintenance Team C;[];normal;[]
SA7676;Airbus A330-300;2025-05-01;2026-10-28;11942;460.23;1.12;3001.56;21.66;146;0.01;175;5;262;;;5;345;2025-08-11;Normal;false;2025-08-11;Scheduled;Maintenance Team C;[];normal;[]
AC5192;Boeing 787-8;2025-02-13;2027-03-31;5926;454.2;0.57;2945.01;18.7;554;0.08;91;23;136;;;10;257;2025-08-10;Normal;false;2025-08-10;Scheduled;Maintenance Team A;[];normal;[]
AM3432;Boeing 787-9;2024-10-01;2026-08-17;10399;479.1;0.67;3093.37;26.1;716;0.05;122;16;183;2025-04-24;Avionics;10;257;2025-08-08;Normal;false;2025-08-08;Scheduled;Maintenance Team D;"[{""date"": ""2025-04-24""; ""type"": ""Avionics""; ""severity"": ""critical""}; {""date"": ""2024-04-12""; ""type"": ""Avionics""; ""severity"": ""critical""}]";normal;[]
EK6932;Boeing 777-200;2025-04-15;2027-06-28;5727;482.16;0.71;3125.43;46.86;440;0.22;582;7;873;;;8;321;2025-08-05;Normal;false;2025-08-05;Scheduled;Maintenance Team D;[];normal;[]
AV1881;Airbus A350-1000;2024-12-21;2027-06-06;12571;506.4;1.99;2772.53;76.14;1606;0.77;1165;25;1747;;;95;140;2025-08-05;Critical;true;2025-08-05;Overdue;Maintenance Team B;[];critical;"[{""type"": ""warning""; ""message"": ""Maintenance alert - Oil contamination detected""; ""priority"": ""high""}]"
AC3113;Airbus A350-900;2025-04-03;2026-04-07;9388;489.85;0.52;3007.1;32.28;498;0.07;599;22;898;2025-04-14;Hydraulic;18;239;2025-08-05;Normal;false;2025-08-05;Scheduled;Maintenance Team D;"[{""date"": ""2025-04-14""; ""type"": ""Hydraulic""; ""severity"": ""critical""}; {""date"": ""2025-03-29""; ""type"": ""Hydraulic""; ""severity"": ""minor""}; {""date"": ""2024-09-25""; ""type"": ""Brake System""; ""severity"": ""critical""}]";normal;[]
NH4722;Boeing 777-300;2025-02-10;2026-01-19;12486;538.54;2.1;2561.0;91.23;1352;0.97;1162;18;1743;;;95;140;2025-08-05;Critical;true;2025-08-05;Scheduled;Maintenance Team A;[];critical;"[{""type"": ""critical""; ""message"": ""High failure probability (75%) - Vibration + Flight Hours""; ""priority"": ""immediate""}; {""type"": ""warning""; ""message"": ""Maintenance alert - Oil contamination detected""; ""priority"": ""high""}; {""type"": ""critical""; ""message"": ""Critical brake wear - Immediate replacement required""; ""priority"": ""immediate""}; {""type"": ""warning""; ""message"": ""Elevated vibration levels detected""; ""priority"": ""medium""}; {""type"": ""warning""; ""message"": ""Engine temperature above normal range""; ""priority"": ""high""}]"
SQ5160;Boeing 747-8;2025-04-29;2027-05-17;5244;473.11;0.58;2932.8;44.79;172;0.38;458;8;687;2024-08-14;Avionics;5;322;2025-08-05;Normal;false;2025-08-05;Scheduled;Maintenance Team C;"[{""date"": ""2024-08-14""; ""type"": ""Avionics""; ""severity"": ""minor""}; {""date"": ""2024-04-26""; ""type"": ""Brake System""; ""severity"": ""major""}; {""date"": ""2024-03-17""; ""type"": ""Engine""; ""severity"": ""minor""}; {""date"": ""2024-03-14""; ""type"": ""Engine""; ""severity"": ""minor""}]";normal;[]
BA9788;Boeing 747-8;2024-11-30;2025-10-03;6539;491.99;0.98;3175.22;35.14;686;0.05;125;9;187;;;5;314;2025-08-12;Normal;false;2025-08-12;Scheduled;Maintenance Team B;[];normal;[]
QF4126;Boeing 787-9;2025-01-04;2026-10-05;13157;545.06;2.63;2630.54;78.01;1508;0.81;620;17;930;;;95;140;2025-08-05;Critical;true;2025-08-05;Scheduled;Maintenance Team D;[];critical;"[{""type"": ""warning""; ""message"": ""Maintenance alert - Oil contamination detected""; ""priority"": ""high""}; {""type"": ""warning""; ""message"": ""Elevated vibration levels detected""; ""priority"": ""medium""}; {""type"": ""warning""; ""message"": ""Engine temperature above normal range""; ""priority"": ""high""}]"
ET6862;Boeing 777-300;2025-03-14;2026-01-19;8867;514.0;2.25;2777.38;86.27;1262;0.62;1097;11;1645;2024-12-18;Engine;95;156;2025-08-05;Critical;true;2025-08-05;Scheduled;Maintenance Team D;"[{""date"": ""2024-12-18""; ""type"": ""Engine""; ""severity"": ""critical""}; {""date"": ""2024-04-09""; ""type"": ""Hydraulic""; ""severity"": ""minor""}]";critical;"[{""type"": ""critical""; ""message"": ""High failure probability (75%) - Vibration + Flight Hours""; ""priority"": ""immediate""}; {""type"": ""warning""; ""message"": ""Maintenance alert - Oil contamination detected""; ""priority"": ""high""}; {""type"": ""critical""; ""message"": ""Critical brake wear - Immediate replacement required""; ""priority"": ""immediate""}; {""type"": ""warning""; ""message"": ""Elevated vibration levels detected""; ""priority"": ""medium""}]"
SA2830;Airbus A330-300;2025-04-17;2026-07-12;9265;458.3;1.64;3195.21;24.49;133;0.07;104;9;156;;;20;275;2025-08-09;Warning;true;2025-08-09;Scheduled;Maintenance Team C;[];warning;[]
AV9119;Boeing 747-400;2025-01-24;2027-03-10;3496;482.83;1.66;3151.65;26.64;317;0.34;583;3;874;;;28;291;2025-08-05;Warning;true;2025-08-05;Scheduled;Maintenance Team A;[];warning;[]
TG3946;Boeing 777-300;2025-05-02;2026-04-10;2810;514.12;2.65;2519.92;73.95;1756;0.9;798;14;1197;2024-11-21;Electrical;95;144;2025-08-05;Critical;true;2025-08-05;Overdue;Maintenance Team C;"[{""date"": ""2024-11-21""; ""type"": ""Electrical""; ""severity"": ""minor""}; {""date"": ""2024-07-10""; ""type"": ""Avionics""; ""severity"": ""minor""}; {""date"": ""2024-04-22""; ""type"": ""Brake System""; ""severity"": ""critical""}]";critical;"[{""type"": ""warning""; ""message"": ""Maintenance alert - Oil contamination detected""; ""priority"": ""high""}; {""type"": ""warning""; ""message"": ""Elevated vibration levels detected""; ""priority"": ""medium""}]"
KE6906;Boeing 747-400;2024-11-20;2027-07-01;12690;497.49;0.61;2997.58;23.1;228;0.34;91;8;136;;;5;322;2025-08-16;Normal;false;2025-08-16;Scheduled;Maintenance Team B;[];normal;[]
AV7800;Boeing 777-300;2025-01-20;2025-10-04;3694;491.07;0.84;3185.1;19.2;690;0.36;539;8;808;;;8;314;2025-08-05;Normal;false;2025-08-05;Scheduled;Maintenance Team A;[];normal;[]
LA1208;Boeing 777-200;2025-03-25;2026-02-04;8535;464.2;1.06;3170.32;16.26;795;0.25;451;2;676;;;5;368;2025-08-05;Normal;false;2025-08-05;Scheduled;Maintenance Team B;[];normal;[]
SA4085;Airbus A330-200;2025-03-27;2027-05-19;12712;471.11;1.54;2969.22;32.83;524;0.38;102;18;153;2024-03-29;Avionics;30;212;2025-08-05;Warning;true;2025-08-05;Scheduled;Maintenance Team A;"[{""date"": ""2024-03-29""; ""type"": ""Avionics""; ""severity"": ""major""}]";warning;[]
AV1361;Boeing 777-200;2025-01-02;2026-05-18;6778;549.55;2.23;2577.76;71.26;1444;0.86;1012;10;1518;;;95;160;2025-08-05;Critical;true;2025-08-05;Scheduled;Maintenance Team C;[];critical;"[{""type"": ""critical""; ""message"": ""High failure probability (75%) - Vibration + Flight Hours""; ""priority"": ""immediate""}; {""type"": ""warning""; ""message"": ""Maintenance alert - Oil contamination detected""; ""priority"": ""high""}; {""type"": ""warning""; ""message"": ""Elevated vibration levels detected""; ""priority"": ""medium""}; {""type"": ""warning""; ""message"": ""Engine temperature above normal range""; ""priority"": ""high""}]"
SK8916;Airbus A321;2025-03-31;2025-09-19;7233;476.35;1.18;3194.79;44.53;131;0.29;356;20;534;2024-02-18;Avionics;10;231;2025-08-05;Normal;false;2025-08-05;Scheduled;Maintenance Team D;"[{""date"": ""2024-02-18""; ""type"": ""Avionics""; ""severity"": ""minor""}]";normal;[]
EK3243;Boeing 737-800;2025-02-15;2025-09-09;11344;461.28;0.55;2907.14;8.54;212;0.12;119;16;178;;;10;257;2025-08-08;Normal;false;2025-08-08;Scheduled;Maintenance Team C;[];normal;[]
AF5615;Boeing 777-200;2025-06-15;2027-01-28;8173;531.1;2.54;2534.93;78.25;1808;0.94;1001;16;1501;;;95;140;2025-08-05;Critical;true;2025-08-05;Scheduled;Maintenance Team C;[];critical;"[{""type"": ""critical""; ""message"": ""High failure probability (75%) - Vibration + Flight Hours""; ""priority"": ""immediate""}; {""type"": ""warning""; ""message"": ""Maintenance alert - Oil contamination detected""; ""priority"": ""high""}; {""type"": ""warning""; ""message"": ""Elevated vibration levels detected""; ""priority"": ""medium""}; {""type"": ""warning""; ""message"": ""Engine temperature above normal range""; ""priority"": ""high""}]"
NH8269;Boeing 777-200;2025-06-19;2025-10-25;3219;543.77;2.58;2701.22;75.56;1436;0.83;972;18;1458;;;95;140;2025-08-05;Critical;true;2025-08-05;Overdue;Maintenance Team C;[];critical;"[{""type"": ""critical""; ""message"": ""High failure probability (75%) - Vibration + Flight Hours""; ""priority"": ""immediate""}; {""type"": ""warning""; ""message"": ""Maintenance alert - Oil contamination detected""; ""priority"": ""high""}; {""type"": ""warning""; ""message"": ""Elevated vibration levels detected""; ""priority"": ""medium""}; {""type"": ""warning""; ""message"": ""Engine temperature above normal range""; ""priority"": ""high""}]"
AA4656;Airbus A350-1000;2025-06-21;2027-01-11;11708;494.65;1.79;2953.2;35.58;446;0.32;85;9;127;2024-10-25;Electrical;20;275;2025-08-10;Warning;true;2025-08-10;Scheduled;Maintenance Team D;"[{""date"": ""2024-10-25""; ""type"": ""Electrical""; ""severity"": ""critical""}; {""date"": ""2024-08-13""; ""type"": ""Electrical""; ""severity"": ""major""}; {""date"": ""2024-02-21""; ""type"": ""Landing Gear""; ""severity"": ""critical""}]";warning;[]
NZ9322;Boeing 787-9;2025-05-04;2026-07-04;2737;465.36;0.89;3034.98;6.48;357;0.18;302;1;453;;;5;376;2025-08-05;Normal;false;2025-08-05;Scheduled;Maintenance Team A;[];normal;[]
KE9030;Airbus A330-300;2024-11-12;2025-09-30;13739;525.42;1.95;2682.22;93.32;1654;0.9;1006;22;1509;;;95;140;2025-08-05;Critical;true;2025-08-05;Scheduled;Maintenance Team B;[];critical;"[{""type"": ""warning""; ""message"": ""Maintenance alert - Oil contamination detected""; ""priority"": ""high""}; {""type"": ""critical""; ""message"": ""Critical brake wear - Immediate replacement required""; ""priority"": ""immediate""}; {""type"": ""warning""; ""message"": ""Engine temperature above normal range""; ""priority"": ""high""}]"
CX6205;Boeing 737-900;2024-12-24;2027-01-30;6433;474.45;0.69;2964.91;17.25;562;0.4;248;18;372;2025-06-19;Engine;10;257;2025-08-05;Normal;false;2025-08-05;Scheduled;Maintenance Team B;"[{""date"": ""2025-06-19""; ""type"": ""Engine""; ""severity"": ""minor""}; {""date"": ""2024-12-14""; ""type"": ""Fuel System""; ""severity"": ""minor""}; {""date"": ""2024-09-11""; ""type"": ""Brake System""; ""severity"": ""critical""}; {""date"": ""2024-01-26""; ""type"": ""Fuel System""; ""severity"": ""minor""}]";normal;[]
QF1068;Airbus A321;2024-09-07;2026-08-13;8555;457.05;1.57;3174.98;19.78;308;0.19;169;3;253;;;20;284;2025-08-05;Warning;true;2025-08-05;Scheduled;Maintenance Team B;[];warning;[]
ET8210;Airbus A350-900;2025-02-07;2026-08-30;4628;501.15;2.01;2545.64;92.12;1009;0.99;823;24;1234;;;95;140;2025-08-05;Critical;true;2025-08-05;Scheduled;Maintenance Team D;[];critical;"[{""type"": ""critical""; ""message"": ""High failure probability (75%) - Vibration + Flight Hours""; ""priority"": ""immediate""}; {""type"": ""warning""; ""message"": ""Maintenance alert - Oil contamination detected""; ""priority"": ""high""}; {""type"": ""critical""; ""message"": ""Critical brake wear - Immediate replacement required""; ""priority"": ""immediate""}; {""type"": ""warning""; ""message"": ""Elevated vibration levels detected""; ""priority"": ""medium""}]"
AF2987;Airbus A321;2024-11-13;2027-02-08;13189;461.66;0.7;2999.43;38.54;749;0.12;542;10;813;;;8;269;2025-08-05;Normal;false;2025-08-05;Scheduled;Maintenance Team A;[];normal;[]
TG4775;Boeing 787-8;2024-11-05;2027-04-17;3137;511.61;2.6;2885.93;91.85;1206;0.76;610;18;915;;;95;140;2025-08-05;Critical;true;2025-08-05;Scheduled;Maintenance Team D;[];critical;"[{""type"": ""warning""; ""message"": ""Maintenance alert - Oil contamination detected""; ""priority"": ""high""}; {""type"": ""critical""; ""message"": ""Critical brake wear - Immediate replacement required""; ""priority"": ""immediate""}; {""type"": ""warning""; ""message"": ""Elevated vibration levels detected""; ""priority"": ""medium""}]"
NH5375;Boeing 747-8;2024-11-05;2026-07-09;5035;535.73;2.27;2752.34;86.41;1457;0.64;908;7;1362;;;95;172;2025-08-05;Critical;true;2025-08-05;Scheduled;Maintenance Team B;[];critical;"[{""type"": ""critical""; ""message"": ""High failure probability (75%) - Vibration + Flight Hours""; ""priority"": ""immediate""}; {""type"": ""warning""; ""message"": ""Maintenance alert - Oil contamination detected""; ""priority"": ""high""}; {""type"": ""critical""; ""message"": ""Critical brake wear - Immediate replacement required""; ""priority"": ""immediate""}; {""type"": ""warning""; ""message"": ""Elevated vibration levels detected""; ""priority"": ""medium""}; {""type"": ""warning""; ""message"": ""Engine temperature above normal range""; ""priority"": ""high""}]"
AM4888;Airbus A350-900;2024-12-05;2026-06-28;10133;473.89;0.89;2906.01;36.17;408;0.46;370;9;555;;;5;314;2025-08-05;Normal;false;2025-08-05;Scheduled;Maintenance Team B;[];normal;[]
WN8632;Boeing 737-900;2025-02-05;2026-01-24;4370;512.37;2.69;2601.06;75.67;1477;0.62;1117;17;1675;;;95;140;2025-08-05;Critical;true;2025-08-05;Scheduled;Maintenance Team B;[];critical;"[{""type"": ""critical""; ""message"": ""High failure probability (75%) - Vibration + Flight Hours""; ""priority"": ""immediate""}; {""type"": ""warning""; ""message"": ""Maintenance alert - Oil contamination detected""; ""priority"": ""high""}; {""type"": ""warning""; ""message"": ""Elevated vibration levels detected""; ""priority"": ""medium""}]"
AA4071;Airbus A350-1000;2024-12-26;2026-12-30;4761;450.49;1.68;3063.27;21.74;572;0.33;135;19;202;;;30;212;2025-08-05;Warning;true;2025-08-05;Scheduled;Maintenance Team B;[];warning;[]
ET3247;Boeing 777-200;2025-01-15;2025-10-31;12352;485.08;0.58;3019.03;40.9;567;0.47;333;12;499;;;5;291;2025-08-05;Normal;false;2025-08-05;Scheduled;Maintenance Team D;[];normal;[]
EK6196;Boeing 787-9;2025-04-19;2025-10-04;8648;474.35;0.94;3125.24;47.95;747;0.31;286;8;429;;;5;322;2025-08-05;Normal;false;2025-08-05;Scheduled;Maintenance Team A;[];normal;[]
SQ9062;Boeing 777-300;2024-10-06;2026-07-31;6026;477.33;1.0;3091.42;28.02;242;0.49;94;9;141;2025-05-29;Hydraulic;5;314;2025-08-15;Normal;false;2025-08-15;Scheduled;Maintenance Team C;"[{""date"": ""2025-05-29""; ""type"": ""Hydraulic""; ""severity"": ""minor""}; {""date"": ""2025-05-17""; ""type"": ""Electrical""; ""severity"": ""critical""}]";normal;[]
LH6876;Airbus A330-200;2025-01-14;2027-04-29;10284;540.81;2.31;2522.45;94.59;1554;0.98;630;7;945;2024-02-26;Hydraulic;95;172;2025-08-05;Critical;true;2025-08-05;Overdue;Maintenance Team B;"[{""date"": ""2024-02-26""; ""type"": ""Hydraulic""; ""severity"": ""critical""}; {""date"": ""2024-02-18""; ""type"": ""Fuel System""; ""severity"": ""minor""}]";critical;"[{""type"": ""warning""; ""message"": ""Maintenance alert - Oil contamination detected""; ""priority"": ""high""}; {""type"": ""critical""; ""message"": ""Critical brake wear - Immediate replacement required""; ""priority"": ""immediate""}; {""type"": ""warning""; ""message"": ""Elevated vibration levels detected""; ""priority"": ""medium""}; {""type"": ""warning""; ""message"": ""Engine temperature above normal range""; ""priority"": ""high""}]"
DL5391;Boeing 787-8;2025-05-13;2027-03-19;3172;471.05;0.89;2936.99;43.21;527;0.24;266;16;399;;;10;257;2025-08-05;Normal;false;2025-08-05;Scheduled;Maintenance Team B;[];normal;[]
DL6866;Airbus A330-300;2025-01-17;2027-02-05;12098;545.86;2.34;2811.73;87.8;1296;0.9;793;20;1189;;;95;140;2025-08-05;Critical;true;2025-08-05;Overdue;Maintenance Team A;[];critical;"[{""type"": ""warning""; ""message"": ""Maintenance alert - Oil contamination detected""; ""priority"": ""high""}; {""type"": ""critical""; ""message"": ""Critical brake wear - Immediate replacement required""; ""priority"": ""immediate""}; {""type"": ""warning""; ""message"": ""Elevated vibration levels detected""; ""priority"": ""medium""}; {""type"": ""warning""; ""message"": ""Engine temperature above normal range""; ""priority"": ""high""}]"
AM8675;Boeing 737-800;2025-01-08;2026-09-03;11525;523.96;2.23;2723.76;73.56;1237;0.98;874;23;1311;2024-10-08;Fuel System;95;140;2025-08-05;Critical;true;2025-08-05;Overdue;Maintenance Team B;"[{""date"": ""2024-10-08""; ""type"": ""Fuel System""; ""severity"": ""major""}; {""date"": ""2024-07-10""; ""type"": ""Electrical""; ""severity"": ""major""}; {""date"": ""2023-10-10""; ""type"": ""Landing Gear""; ""severity"": ""major""}]";critical;"[{""type"": ""critical""; ""message"": ""High failure probability (75%) - Vibration + Flight Hours""; ""priority"": ""immediate""}; {""type"": ""warning""; ""message"": ""Maintenance alert - Oil contamination detected""; ""priority"": ""high""}; {""type"": ""warning""; ""message"": ""Elevated vibration levels detected""; ""priority"": ""medium""}; {""type"": ""warning""; ""message"": ""Engine temperature above normal range""; ""priority"": ""high""}]"
LH8216;Boeing 787-9;2025-04-18;2026-06-23;15531;517.29;2.9;2833.6;85.84;1242;0.89;1146;15;1719;;;95;140;2025-08-05;Critical;true;2025-08-05;Scheduled;Maintenance Team A;[];critical;"[{""type"": ""critical""; ""message"": ""High failure probability (75%) - Vibration + Flight Hours""; ""priority"": ""immediate""}; {""type"": ""warning""; ""message"": ""Maintenance alert - Oil contamination detected""; ""priority"": ""high""}; {""type"": ""critical""; ""message"": ""Critical brake wear - Immediate replacement required""; ""priority"": ""immediate""}; {""type"": ""warning""; ""message"": ""Elevated vibration levels detected""; ""priority"": ""medium""}]"
AI8241;Boeing 737-800;2025-03-22;2027-02-17;15066;490.71;0.84;3012.6;22.85;453;0.39;433;17;649;;;10;257;2025-08-05;Normal;false;2025-08-05;Scheduled;Maintenance Team A;[];normal;[]
BA9456;Boeing 787-8;2025-06-04;2026-03-22;11150;487.37;0.71;2946.72;8.52;350;0.22;217;23;325;2024-09-06;Electrical;10;257;2025-08-05;Normal;false;2025-08-05;Scheduled;Maintenance Team D;"[{""date"": ""2024-09-06""; ""type"": ""Electrical""; ""severity"": ""major""}; {""date"": ""2024-06-25""; ""type"": ""Avionics""; ""severity"": ""critical""}]";normal;[]
UA4293;Airbus A330-200;2025-06-10;2027-05-17;4859;463.25;1.72;3167.22;34.5;530;0.02;172;7;258;2025-06-04;Electrical;20;288;2025-08-05;Warning;true;2025-08-05;Scheduled;Maintenance Team A;"[{""date"": ""2025-06-04""; ""type"": ""Electrical""; ""severity"": ""critical""}; {""date"": ""2025-04-24""; ""type"": ""Hydraulic""; ""severity"": ""minor""}; {""date"": ""2024-11-10""; ""type"": ""Fuel System""; ""severity"": ""minor""}; {""date"": ""2024-07-08""; ""type"": ""Landing Gear""; ""severity"": ""major""}]";warning;[]
LA4059;Airbus A321;2024-11-13;2026-06-05;5029;456.8;0.71;3128.23;17.04;716;0.22;309;6;463;2025-05-14;Brake System;5;304;2025-08-05;Normal;false;2025-08-05;Scheduled;Maintenance Team A;"[{""date"": ""2025-05-14""; ""type"": ""Brake System""; ""severity"": ""minor""}; {""date"": ""2024-10-11""; ""type"": ""Electrical""; ""severity"": ""minor""}]";normal;[]
NZ3792;Boeing 777-200;2025-04-20;2025-11-14;5820;520.45;2.36;2891.69;84.58;1581;0.74;646;15;969;;;95;140;2025-08-05;Critical;true;2025-08-05;Scheduled;Maintenance Team C;[];critical;"[{""type"": ""warning""; ""message"": ""Maintenance alert - Oil contamination detected""; ""priority"": ""high""}; {""type"": ""warning""; ""message"": ""Elevated vibration levels detected""; ""priority"": ""medium""}; {""type"": ""warning""; ""message"": ""Engine temperature above normal range""; ""priority"": ""high""}]"
EK1020;Boeing 787-9;2025-05-04;2027-01-14;12263;502.17;2.37;2614.07;89.96;1469;0.66;1034;12;1551;;;95;152;2025-08-05;Critical;true;2025-08-05;Overdue;Maintenance Team D;[];critical;"[{""type"": ""critical""; ""message"": ""High failure probability (75%) - Vibration + Flight Hours""; ""priority"": ""immediate""}; {""type"": ""warning""; ""message"": ""Maintenance alert - Oil contamination detected""; ""priority"": ""high""}; {""type"": ""critical""; ""message"": ""Critical brake wear - Immediate replacement required""; ""priority"": ""immediate""}; {""type"": ""warning""; ""message"": ""Elevated vibration levels detected""; ""priority"": ""medium""}]"
WN8964;Boeing 737-800;2024-11-02;2026-11-15;7961;459.49;0.89;2918.4;15.27;677;0.02;359;20;538;2025-05-29;Avionics;10;257;2025-08-05;Normal;false;2025-08-05;Scheduled;Maintenance Team B;"[{""date"": ""2025-05-29""; ""type"": ""Avionics""; ""severity"": ""minor""}; {""date"": ""2023-12-26""; ""type"": ""Landing Gear""; ""severity"": ""critical""}]";normal;[]
TG7130;Airbus A330-300;2024-08-16;2026-01-07;4693;542.69;2.4;2771.48;73.88;1369;0.87;939;10;1408;;;95;160;2025-08-05;Critical;true;2025-08-05;Overdue;Maintenance Team D;[];critical;"[{""type"": ""critical""; ""message"": ""High failure probability (75%) - Vibration + Flight Hours""; ""priority"": ""immediate""}; {""type"": ""warning""; ""message"": ""Maintenance alert - Oil contamination detected""; ""priority"": ""high""}; {""type"": ""warning""; ""message"": ""Elevated vibration levels detected""; ""priority"": ""medium""}; {""type"": ""warning""; ""message"": ""Engine temperature above normal range""; ""priority"": ""high""}]"
ET8755;Boeing 737-800;2024-11-24;2025-11-03;3784;452.56;1.79;2918.8;12.49;307;0.22;467;24;700;2025-03-10;Electrical;30;212;2025-08-05;Warning;true;2025-08-05;Scheduled;Maintenance Team A;"[{""date"": ""2025-03-10""; ""type"": ""Electrical""; ""severity"": ""minor""}; {""date"": ""2024-06-26""; ""type"": ""Engine""; ""severity"": ""critical""}; {""date"": ""2024-03-17""; ""type"": ""Fuel System""; ""severity"": ""major""}; {""date"": ""2023-10-03""; ""type"": ""Electrical""; ""severity"": ""major""}]";warning;[]
NZ9113;Boeing 787-8;2024-12-30;2026-03-05;5607;472.0;1.28;2918.41;7.66;489;0.11;542;25;813;2025-02-08;Hydraulic;18;239;2025-08-05;Normal;false;2025-08-05;Scheduled;Maintenance Team C;"[{""date"": ""2025-02-08""; ""type"": ""Hydraulic""; ""severity"": ""critical""}; {""date"": ""2025-01-09""; ""type"": ""Landing Gear""; ""severity"": ""minor""}; {""date"": ""2023-10-29""; ""type"": ""Landing Gear""; ""severity"": ""major""}; {""date"": ""2023-09-24""; ""type"": ""Landing Gear""; ""severity"": ""minor""}]";normal;[]
DL9046;Boeing 777-200;2025-02-05;2027-07-18;7229;490.42;1.43;3191.5;45.4;216;0.45;110;22;165;;;10;257;2025-08-09;Normal;false;2025-08-09;Scheduled;Maintenance Team D;[];normal;[]
AV8521;Airbus A350-1000;2024-08-06;2027-03-17;8848;494.51;1.64;3060.82;23.54;740;0.31;303;7;454;2025-02-04;Electrical;20;288;2025-08-05;Warning;true;2025-08-05;Scheduled;Maintenance Team B;"[{""date"": ""2025-02-04""; ""type"": ""Electrical""; ""severity"": ""major""}; {""date"": ""2024-11-09""; ""type"": ""Landing Gear""; ""severity"": ""major""}; {""date"": ""2024-11-05""; ""type"": ""Electrical""; ""severity"": ""minor""}; {""date"": ""2024-01-04""; ""type"": ""Hydraulic""; ""severity"": ""critical""}]";warning;[]
KE5621;Airbus A320;2025-03-13;2025-11-20;10827;530.57;1.86;2520.92;75.23;1764;0.67;902;19;1353;;;95;133;2025-08-05;Critical;true;2025-08-05;Scheduled;Maintenance Team D;[];critical;"[{""type"": ""warning""; ""message"": ""Maintenance alert - Oil contamination detected""; ""priority"": ""high""}; {""type"": ""warning""; ""message"": ""Engine temperature above normal range""; ""priority"": ""high""}]"
AV6751;Boeing 747-400;2025-03-25;2026-04-23;14535;506.73;2.58;2643.93;83.81;1413;0.97;1156;14;1734;;;95;144;2025-08-05;Critical;true;2025-08-05;Scheduled;Maintenance Team A;[];critical;"[{""type"": ""critical""; ""message"": ""High failure probability (75%) - Vibration + Flight Hours""; ""priority"": ""immediate""}; {""type"": ""warning""; ""message"": ""Maintenance alert - Oil contamination detected""; ""priority"": ""high""}; {""type"": ""warning""; ""message"": ""Elevated vibration levels detected""; ""priority"": ""medium""}]"
KE1801;Boeing 737-900;2025-01-27;2026-07-20;8062;496.94;0.98;2907.55;5.13;365;0.33;70;24;105;;;10;257;2025-08-12;Normal;false;2025-08-12;Scheduled;Maintenance Team C;[];normal;[]
AC5208;Boeing 787-8;2025-02-28;2027-01-04;15407;483.95;1.04;2931.43;22.09;468;0.29;529;25;793;;;18;239;2025-08-05;Normal;false;2025-08-05;Scheduled;Maintenance Team B;[];normal;[]
SA4020;Airbus A330-200;2025-03-04;2026-12-16;2691;497.18;0.83;3083.09;34.66;656;0.14;104;22;156;2024-09-18;Fuel System;10;257;2025-08-09;Normal;false;2025-08-09;Scheduled;Maintenance Team D;"[{""date"": ""2024-09-18""; ""type"": ""Fuel System""; ""severity"": ""critical""}; {""date"": ""2024-09-11""; ""type"": ""Landing Gear""; ""severity"": ""major""}; {""date"": ""2024-07-10""; ""type"": ""Avionics""; ""severity"": ""minor""}]";normal;[]
AZ7132;Airbus A320;2025-04-22;2027-05-09;8152;497.34;0.82;3196.24;5.43;260;0.33;500;6;750;2025-05-15;Brake System;5;321;2025-08-05;Normal;false;2025-08-05;Scheduled;Maintenance Team B;"[{""date"": ""2025-05-15""; ""type"": ""Brake System""; ""severity"": ""major""}; {""date"": ""2025-05-15""; ""type"": ""Engine""; ""severity"": ""minor""}; {""date"": ""2025-01-11""; ""type"": ""Fuel System""; ""severity"": ""minor""}; {""date"": ""2024-07-08""; ""type"": ""Brake System""; ""severity"": ""critical""}]";normal;[]
WN9067;Airbus A330-300;2024-10-13;2026-03-28;4969;458.37;0.99;3115.12;28.76;219;0.33;403;8;604;;;5;322;2025-08-05;Normal;false;2025-08-05;Scheduled;Maintenance Team A;[];normal;[]
AA2823;Boeing 787-8;2024-09-09;2026-04-17;10399;547.73;2.85;2534.26;85.22;1344;0.83;786;15;1179;2025-06-18;Brake System;95;140;2025-08-05;Critical;true;2025-08-05;Scheduled;Maintenance Team A;"[{""date"": ""2025-06-18""; ""type"": ""Brake System""; ""severity"": ""critical""}; {""date"": ""2024-09-29""; ""type"": ""Avionics""; ""severity"": ""major""}; {""date"": ""2024-05-05""; ""type"": ""Engine""; ""severity"": ""critical""}]";critical;"[{""type"": ""warning""; ""message"": ""Maintenance alert - Oil contamination detected""; ""priority"": ""high""}; {""type"": ""critical""; ""message"": ""Critical brake wear - Immediate replacement required""; ""priority"": ""immediate""}; {""type"": ""warning""; ""message"": ""Elevated vibration levels detected""; ""priority"": ""medium""}; {""type"": ""warning""; ""message"": ""Engine temperature above normal range""; ""priority"": ""high""}]"
DL3137;Boeing 747-8;2024-10-13;2025-12-03;13983;493.52;0.7;3141.9;31.66;649;0.46;337;1;505;2025-04-14;Avionics;5;376;2025-08-05;Normal;false;2025-08-05;Scheduled;Maintenance Team C;"[{""date"": ""2025-04-14""; ""type"": ""Avionics""; ""severity"": ""critical""}; {""date"": ""2025-03-11""; ""type"": ""Landing Gear""; ""severity"": ""critical""}; {""date"": ""2023-12-06""; ""type"": ""Landing Gear""; ""severity"": ""minor""}]";normal;[]
NZ3611;Airbus A350-1000;2024-10-27;2027-01-03;8128;461.12;1.77;2938.94;19.25;360;0.47;97;16;145;;;30;212;2025-08-05;Warning;true;2025-08-05;Scheduled;Maintenance Team A;[];warning;[]
DL2892;Airbus A330-300;2025-05-21;2026-10-25;5850;495.2;1.46;3029.25;42.09;383;0.12;217;1;325;2024-05-26;Engine;5;376;2025-08-10;Normal;false;2025-08-10;Scheduled;Maintenance Team A;"[{""date"": ""2024-05-26""; ""type"": ""Engine""; ""severity"": ""critical""}; {""date"": ""2024-05-20""; ""type"": ""Fuel System""; ""severity"": ""major""}; {""date"": ""2023-07-31""; ""type"": ""Avionics""; ""severity"": ""critical""}]";normal;[]
TG6289;Boeing 747-400;2024-12-20;2027-06-11;2791;521.73;2.69;2628.16;94.38;1087;0.75;654;17;981;;;95;140;2025-08-05;Critical;true;2025-08-05;Overdue;Maintenance Team B;[];critical;"[{""type"": ""warning""; ""message"": ""Maintenance alert - Oil contamination detected""; ""priority"": ""high""}; {""type"": ""critical""; ""message"": ""Critical brake wear - Immediate replacement required""; ""priority"": ""immediate""}; {""type"": ""warning""; ""message"": ""Elevated vibration levels detected""; ""priority"": ""medium""}; {""type"": ""warning""; ""message"": ""Engine temperature above normal range""; ""priority"": ""high""}]"
AZ2697;Boeing 747-8;2025-06-08;2026-01-16;13999;489.22;1.43;2959.92;29.62;117;0.05;358;22;537;2025-06-15;Electrical;10;257;2025-08-05;Normal;false;2025-08-05;Scheduled;Maintenance Team A;"[{""date"": ""2025-06-15""; ""type"": ""Electrical""; ""severity"": ""major""}; {""date"": ""2025-05-28""; ""type"": ""Fuel System""; ""severity"": ""minor""}; {""date"": ""2025-05-19""; ""type"": ""Hydraulic""; ""severity"": ""minor""}; {""date"": ""2025-02-03""; ""type"": ""Landing Gear""; ""severity"": ""minor""}]";normal;[]
AA4275;Boeing 747-8;2025-04-20;2027-03-26;11704;460.51;1.05;3109.8;31.45;391;0.06;581;7;871;;;8;321;2025-08-05;Normal;false;2025-08-05;Scheduled;Maintenance Team D;[];normal;[]
